Date,Close
2014/10/31,20.2
2014/11/3,20.36
2014/11/4,20.47
2014/11/5,20.3
2014/11/6,20.01
2014/11/7,20.13
2014/11/10,20.74
2014/11/11,20.69
2014/11/12,20.1
2014/11/13,20.3
2014/11/14,20.32
2014/11/17,20.06
2014/11/18,19.9
2014/11/19,20.38
2014/11/20,20.91
2014/11/21,20.94
2014/11/24,21.02
2014/11/25,21.1
2014/11/26,21.06
2014/11/27,21.35
2014/11/28,21.4
2014/12/1,21.03
2014/12/2,20.55
2014/12/3,21.21
2014/12/4,21.42
2014/12/5,21.32
2014/12/8,21.17
2014/12/9,20.92
2014/12/10,20.38
2014/12/11,20.35
2014/12/12,20.35
2014/12/15,20.29
2014/12/16,20.12
2014/12/17,19.57
2014/12/18,19.61
2014/12/19,20.22
2014/12/22,20.68
2014/12/23,20.72
2014/12/24,21
2014/12/25,21
2014/12/26,21.16
2014/12/29,21.6
2014/12/30,21.44
2014/12/31,21.53
2015/1/5,21.37
2015/1/6,20.35
2015/1/7,20.46
2015/1/8,21.23
2015/1/9,21.14
2015/1/12,20.91
2015/1/13,21.12
2015/1/14,20.85
2015/1/15,20.9
2015/1/16,20.66
2015/1/19,20.95
2015/1/20,21.31
2015/1/21,21.59
2015/1/22,21.81
2015/1/23,22.38
2015/1/26,22.37
2015/1/27,22.58
2015/1/28,22.61
2015/1/29,22.18
2015/1/30,22
2015/2/2,21.99
2015/2/3,22.3
2015/2/4,22.67
2015/2/5,22.56
2015/2/6,22.33
2015/2/9,22.25
2015/2/10,22.13
2015/2/11,22.46
2015/2/12,22.48
2015/2/13,22.73
2015/2/24,23.16
2015/2/25,23.43
2015/2/26,23.2
2015/3/2,23.01
2015/3/3,23.03
2015/3/4,23.08
2015/3/5,22.95
2015/3/6,23.05
2015/3/9,22.75
2015/3/10,22.58
2015/3/11,22.6
2015/3/12,22.9
2015/3/13,22.83
2015/3/16,22.58
2015/3/17,22.66
2015/3/18,23
2015/3/19,23.57
2015/3/20,23.52
2015/3/23,23.53
2015/3/24,23.38
2015/3/25,23.24
2015/3/26,22.84
2015/3/27,22.46
2015/3/30,22.46
2015/3/31,22.68
2015/4/1,22.34
2015/4/2,22.85
2015/4/7,22.93
2015/4/8,22.67
2015/4/9,22.57
2015/4/10,22.87
2015/4/13,23.05
2015/4/14,22.98
2015/4/15,22.36
2015/4/16,22.83
2015/4/17,22.61
2015/4/20,22.53
2015/4/21,22.47
2015/4/22,22.87
2015/4/23,23.91
2015/4/24,24.4
2015/4/27,24.78
2015/4/28,24.6
2015/4/29,24.21
2015/4/30,24.1
2015/5/4,24.17
2015/5/5,23.84
2015/5/6,23.88
2015/5/7,23.4
2015/5/8,23.35
2015/5/11,23.34
2015/5/12,23.36
2015/5/13,23.58
2015/5/14,22.98
2015/5/15,22.8
2015/5/18,22.93
2015/5/19,23.5
2015/5/20,23.36
2015/5/21,22.83
2015/5/22,23.07
2015/5/25,23.1
2015/5/26,23.27
2015/5/27,23.39
2015/5/28,23.54
2015/5/29,23.36
2015/6/1,23.07
2015/6/2,22.95
2015/6/3,22.66
2015/6/4,21.69
2015/6/5,21.69
2015/6/8,21.85
2015/6/9,21.3
2015/6/10,21.58
2015/6/11,21.57
2015/6/12,21.52
2015/6/15,21.38
2015/6/16,21.09
2015/6/17,21.22
2015/6/18,21.27
2015/6/22,21.77
2015/6/23,21.92
2015/6/24,21.95
2015/6/25,22.41
2015/6/26,22.41
2015/6/29,21.48
2015/6/30,21.81
2015/7/1,22.27
2015/7/2,22.25
2015/7/3,22.23
2015/7/6,21.84
2015/7/7,21.95
2015/7/8,20.69
2015/7/9,20.4
2015/7/13,20.82
2015/7/14,20.83
2015/7/15,20.92
2015/7/16,21.11
2015/7/17,21.1
2015/7/20,20.85
2015/7/21,21.1
2015/7/22,20.72
2015/7/23,20.45
2015/7/24,20.15
2015/7/27,19.45
2015/7/28,19.6
2015/7/29,19.31
2015/7/30,19.75
2015/7/31,19.57
2015/8/3,19.12
2015/8/4,19.11
2015/8/5,19.41
2015/8/6,18.93
2015/8/7,18.82
2015/8/10,18.99
2015/8/11,18.7
2015/8/12,18.26
2015/8/13,18.4
2015/8/14,18.32
2015/8/17,17.99
2015/8/18,17.7
2015/8/19,17.19
2015/8/20,17.08
2015/8/21,16.15
2015/8/24,14.44
2015/8/25,15.6
2015/8/26,15.77
2015/8/27,15.89
2015/8/28,16.78
2015/8/31,16.98
2015/9/1,16.64
2015/9/2,17.01
2015/9/3,17.05
2015/9/4,16.73
2015/9/7,16.82
2015/9/8,16.82
2015/9/9,18.4
2015/9/10,18.19
2015/9/11,18.28
2015/9/14,18.15
2015/9/15,18.04
2015/9/16,18.29
2015/9/17,18.98
2015/9/18,19.08
2015/9/21,18.2
2015/9/22,18.38
2015/9/23,17.68
2015/9/24,17.46
2015/9/25,17.54
2015/9/30,17.67
2015/10/1,18.28
2015/10/2,18.17
2015/10/5,18.3
2015/10/6,18.56
2015/10/7,19.1
2015/10/8,18.87
2015/10/12,19.5
2015/10/13,19.4
2015/10/14,19.24
2015/10/15,19.7
2015/10/16,19.62
2015/10/19,19.67
2015/10/20,19.77
2015/10/21,19.54
2015/10/22,19.6
2015/10/23,19.9
2015/10/26,20.2
2015/10/27,19.96
2015/10/28,19.79
2015/10/29,19.48
2015/10/30,19.46
2015/11/2,19.48
2015/11/3,20.09
2015/11/4,20.83
2015/11/5,20.81
2015/11/6,20.04
2015/11/9,19.68
2015/11/10,19.27
2015/11/11,18.8
2015/11/12,18.83
2015/11/13,18.43
2015/11/16,18.2
2015/11/17,18.82
2015/11/18,18.32
2015/11/19,18.79
2015/11/20,18.79
2015/11/23,18.93
2015/11/24,18.6
2015/11/25,18.53
2015/11/26,19.06
2015/11/27,18.63
2015/11/30,18.09
2015/12/1,18.76
2015/12/2,18.84
2015/12/3,18.9
2015/12/4,18.55
2015/12/7,18.89
2015/12/8,18.37
2015/12/9,17.97
2015/12/10,17.73
2015/12/11,17.26
2015/12/14,17.08
2015/12/15,17.13
2015/12/16,17.6
2015/12/17,18.05
2015/12/18,17.91
2015/12/21,17.97
2015/12/22,17.93
2015/12/23,18.05
2015/12/24,18.18
2015/12/25,18.36
2015/12/28,18.38
2015/12/29,18.04
2015/12/30,17.88
2015/12/31,17.97
2016/1/4,17.19
2016/1/5,16.94
2016/1/6,16.63
2016/1/7,16.02
2016/1/8,16.22
2016/1/11,15.71
2016/1/12,15.58
2016/1/13,15.89
2016/1/14,15.58
2016/1/15,15.41
2016/1/18,15.96
2016/1/19,16.1
2016/1/20,15.15
2016/1/21,15.23
2016/1/22,15.65
2016/1/25,16.19
2016/1/26,15.92
2016/1/27,15.99
2016/1/28,16.18
2016/1/29,16.92
2016/2/1,17.27
2016/2/2,17.2
2016/2/3,16.97
2016/2/15,17.03
2016/2/16,17.75
2016/2/17,17.61
2016/2/18,18.02
2016/2/19,18.1
2016/2/22,18.12
2016/2/23,18.06
2016/2/24,17.82
2016/2/25,18.3
2016/2/26,18.38
2016/3/1,18.8
2016/3/2,19.05
2016/3/3,19.35
2016/3/4,19.48
2016/3/7,19.48
2016/3/8,19.48
2016/3/9,19.48
2016/3/10,19.58
2016/3/11,19.89
2016/3/14,20.14
2016/3/15,19.37
2016/3/16,19.74
2016/3/17,20.03
2016/3/18,20.4
2016/3/21,20.35
2016/3/22,20.15
2016/3/23,20.15
2016/3/24,20.18
2016/3/25,20
2016/3/28,20
2016/3/29,19.66
2016/3/30,20.3
2016/3/31,20.24
2016/4/1,19.78
2016/4/6,19.04
2016/4/7,18.83
2016/4/8,19.05
2016/4/11,19.26
2016/4/12,19.2
2016/4/13,19.86
2016/4/14,19.95
2016/4/15,20.1
2016/4/18,19.85
2016/4/19,19.67
2016/4/20,19.03
2016/4/21,19.29
2016/4/22,19.29
2016/4/25,19.42
2016/4/26,19.58
2016/4/27,19.55
2016/4/28,18.88
2016/4/29,18.44
2016/5/3,18.1
2016/5/4,17.6
2016/5/5,17.66
2016/5/6,17.43
2016/5/9,17.4
2016/5/10,17.61
2016/5/11,17.45
2016/5/12,17.39
2016/5/13,17
2016/5/16,17.23
2016/5/17,17.56
2016/5/18,17.5
2016/5/19,17.26
2016/5/20,17.51
2016/5/23,18.54
2016/5/24,18.3
2016/5/25,18.72
2016/5/26,18.7
2016/5/27,18.99
2016/5/30,19.29
2016/5/31,19.25
2016/6/1,19.59
2016/6/2,19.43
2016/6/3,19.54
2016/6/6,19.62
2016/6/7,20.07
2016/6/8,20.28
2016/6/13,19.31
2016/6/14,19.57
2016/6/15,19.73
2016/6/16,19.12
2016/6/17,19.61
2016/6/20,19.95
2016/6/21,20.18
2016/6/22,20.16
2016/6/23,20.16
2016/6/24,18.91
2016/6/27,19.34
2016/6/28,19.54
2016/6/29,19.85
2016/6/30,20.28
2016/7/1,20.73
2016/7/4,20.81
2016/7/5,20.72
2016/7/6,19.91
2016/7/7,20.41
2016/7/11,21.23
2016/7/12,21.52
2016/7/13,21.56
2016/7/14,21.65
2016/7/15,22.17
2016/7/18,22.61
2016/7/19,22.81
2016/7/20,22.62
2016/7/21,23.1
2016/7/22,22.92
2016/7/25,22.64
2016/7/26,22.96
2016/7/27,23.16
2016/7/28,23.22
2016/7/29,22.9
2016/8/1,23.38
2016/8/2,23.35
2016/8/3,22.94
2016/8/4,23.01
2016/8/5,23.55
2016/8/8,23.8
2016/8/9,23.97
2016/8/10,24.14
2016/8/11,23.7
2016/8/12,23.93
2016/8/15,23.94
2016/8/16,23.69
2016/8/17,23.66
2016/8/18,23.78
2016/8/19,23.3
2016/8/22,22.91
2016/8/23,23.45
2016/8/24,23.31
2016/8/25,23.81
2016/8/26,23.93
2016/8/29,23.72
2016/8/30,23.77
2016/8/31,23.44
2016/9/1,23.21
2016/9/2,23.14
2016/9/5,23.9
2016/9/6,24.28
2016/9/7,24.95
2016/9/8,24.85
2016/9/9,24.18
2016/9/12,23.07
2016/9/13,22.95
2016/9/14,22.81
2016/9/19,24.31
2016/9/20,24.26
2016/9/21,24.5
2016/9/22,24.67
2016/9/23,24.99
2016/9/26,24.47
2016/9/29,25.14
2016/9/30,24.58
2016/10/3,24.71
2016/10/4,25.06
2016/10/5,24.97
2016/10/6,25.02
2016/10/7,25.03
2016/10/11,24.72
2016/10/12,25.23
2016/10/13,24.82
2016/10/14,24.7
2016/10/17,24.68
2016/10/18,24.97
2016/10/19,25.26
2016/10/20,25.45
2016/10/21,25.43
2016/10/24,25.58
2016/10/25,26.01
2016/10/26,25.76
2016/10/27,25.46
2016/10/28,25.42
2016/10/31,25.47
2016/11/1,25.41
2016/11/2,24.7
2016/11/3,24.41
2016/11/4,24.26
2016/11/7,24.98
2016/11/8,25.16
2016/11/9,23.58
2016/11/10,24.9
2016/11/11,23.65
2016/11/14,23.58
2016/11/15,23.57
2016/11/16,23.72
2016/11/17,23.7
2016/11/18,23.89
2016/11/21,23.95
2016/11/22,24.63
2016/11/23,24.83
2016/11/24,24.6
2016/11/25,24.66
2016/11/28,25.01
2016/11/29,24.94
2016/11/30,24.9
2016/12/1,25.15
2016/12/2,24.54
2016/12/5,24.53
2016/12/6,25.17
2016/12/7,25.17
2016/12/8,25.66
2016/12/9,25.86
2016/12/12,25.7
2016/12/13,25.81
2016/12/14,25.8
2016/12/15,25.75
2016/12/16,25.46
2016/12/19,25.07
2016/12/20,25.04
2016/12/21,24.97
2016/12/22,24.4
2016/12/23,24.25
2016/12/26,24.34
2016/12/27,24.36
2016/12/28,24.86
2016/12/29,24.7
2016/12/30,25.01
2017/1/3,25.06
2017/1/4,25.15
2017/1/5,25.49
2017/1/6,25.61
2017/1/9,25.49
2017/1/10,25.47
2017/1/11,25.49
2017/1/12,25.9
2017/1/13,25.67
2017/1/16,25.19
2017/1/17,25.43
2017/1/18,25.33
2017/1/19,25.22
2017/1/20,25.35
2017/1/23,25.81
2017/1/24,26.05
2017/2/2,25.77
2017/2/3,25.87
2017/2/6,26.22
2017/2/7,26.3
2017/2/8,26.28
2017/2/9,26.61
2017/2/10,27.11
2017/2/13,27.31
2017/2/14,27.41
2017/2/15,27.89
2017/2/16,27.7
2017/2/17,27.66
2017/2/20,27.47
2017/2/21,27.56
2017/2/22,27.67
2017/2/23,27.55
2017/2/24,27.54
2017/3/1,27.1
2017/3/2,27.1
2017/3/3,26.81
2017/3/6,26.94
2017/3/7,27.19
2017/3/8,27.33
2017/3/9,26.8
2017/3/10,26.74
2017/3/13,27.07
2017/3/14,27.4
2017/3/15,27.33
2017/3/16,27.97
2017/3/17,28.21
2017/3/20,28.3
2017/3/21,28.73
2017/3/22,28.31
2017/3/23,28.49
2017/3/24,28.32
2017/3/27,28.25
2017/3/28,28.32
2017/3/29,28.21
2017/3/30,28.15
2017/3/31,27.99
2017/4/5,28.65
2017/4/6,28.37
2017/4/7,28.17
2017/4/10,28.2
2017/4/11,27.99
2017/4/12,27.98
2017/4/13,28.22
2017/4/14,27.59
2017/4/17,27.64
2017/4/18,27.61
2017/4/19,27.06
2017/4/20,27.09
2017/4/21,27.53
2017/4/24,27.65
2017/4/25,28.2
2017/4/26,28.35
2017/4/27,28.28
2017/4/28,28.37
2017/5/2,28.86
2017/5/3,29
2017/5/4,29.06
2017/5/5,28.65
2017/5/8,29
2017/5/9,29.16
2017/5/10,29.37
2017/5/11,29.58
2017/5/12,29.45
2017/5/15,29.73
2017/5/16,29.6
2017/5/17,29.47
2017/5/18,29.28
2017/5/19,29.22
2017/5/22,29.36
2017/5/23,29.59
2017/5/24,29.63
2017/5/25,30.2
2017/5/26,30.16
2017/5/31,29.74
2017/6/1,29.99
2017/6/2,30.28
2017/6/5,30.74
2017/6/6,30.7
2017/6/7,30.77
2017/6/8,30.96
2017/6/9,30.8
2017/6/12,30.24
2017/6/13,30.3
2017/6/14,29.92
2017/6/15,29.99
2017/6/16,30.58
2017/6/19,31.21
2017/6/20,31.87
2017/6/21,31.95
2017/6/22,32.23
2017/6/23,32.13
2017/6/26,33.32
2017/6/27,33.21
2017/6/28,32.62
2017/6/29,32.73
2017/6/30,32.51
2017/7/3,32.67
2017/7/4,32.28
2017/7/5,32.77
2017/7/6,32.54
2017/7/7,32.19
2017/7/10,32.31
2017/7/11,33.37
2017/7/12,33.33
2017/7/13,33.88
2017/7/14,33.66
2017/7/17,33.9
2017/7/18,33.94
2017/7/19,34.21
2017/7/20,34.27
2017/7/21,33.9
2017/7/24,33.94
2017/7/25,34.07
2017/7/26,33.81
2017/7/27,34.59
2017/7/28,33.81
2017/7/31,33.9
2017/8/1,34.07
2017/8/2,34.62
2017/8/3,34.34
2017/8/4,34.47
2017/8/7,35.04
2017/8/8,35
2017/8/9,34.45
2017/8/10,33.92
2017/8/11,33.67
2017/8/14,33.28
2017/8/15,33.56
2017/8/16,33.4
2017/8/17,33.95
2017/8/18,33.58
2018/1/2,35.37
2018/1/3,36.1
2018/1/4,36.21
2018/1/5,36.43
2018/1/8,36.66
2018/1/9,36.71
2018/1/10,36.23
2018/1/11,35.99
2018/1/12,36.71
2018/1/15,37.16
2018/1/16,37.34
2018/1/17,37.46
2018/1/18,38.35
2018/1/19,38.98
2018/1/22,39.52
2018/1/23,39.66
2018/1/24,38.82
2018/1/25,39.07
2018/1/26,39.15
2018/1/29,39.43
2018/1/30,38.53
2018/1/31,38.68
2018/2/1,39.13
2018/2/2,38.81
2018/2/5,37.48
2018/2/6,33.6
2018/2/7,34.7
2018/2/8,34.78
2018/2/9,33.6
2018/2/12,34.1
2018/2/21,35.78
2018/2/22,35.38
2018/2/23,36.31
2018/2/26,36.51
2018/2/27,36.56
2018/3/1,36.12
2018/3/2,35.55
2018/3/5,35.19
2018/3/6,36.3
2018/3/7,35.92
2018/3/8,36.8
2018/3/9,36.95
2018/3/12,38.08
2018/3/13,38.66
2018/3/14,38.06
2018/3/15,38.13
2018/3/16,37.8
2018/3/19,37.87
2018/3/20,37.79
2018/3/21,37.92
2018/3/22,37.7
2018/3/23,36.15
2018/3/26,36.61
2018/3/27,37.61
2018/3/28,36.5
2018/3/29,36.53
2018/3/30,37.11
2018/4/2,36.71
2018/4/3,36.25
2018/4/9,36.82
2018/4/10,37.15
2018/4/11,37.39
2018/4/12,37.1
2018/4/13,37.15
2018/4/16,37.01
2018/4/17,36.15
2018/4/18,36.43
2018/4/19,37.36
2018/4/20,35.85
2018/4/23,35.32
2018/4/24,34.82
2018/4/25,34.41
2018/4/26,33.98
2018/4/27,34.34
2018/4/30,35.12
2018/5/2,34.82
2018/5/3,34.04
2018/5/4,34.2
2018/5/7,34.72
2018/5/8,35.06
2018/5/9,35.29
2018/5/10,35.64
2018/5/11,36.27
2018/5/14,36.97
2018/5/15,36.44
2018/5/16,36.44
2018/5/17,36.2
2018/5/18,36.03
2018/5/21,37.04
2018/5/22,36.75
2018/5/23,36.42
2018/5/24,36.66
2018/5/25,36.85
2018/5/28,37.14
2018/5/29,36.79
2018/5/30,35.77
2018/5/31,36.14
2018/6/1,36.59
2018/6/4,37.8
2018/6/5,37.66
2018/6/6,38.48
2018/6/7,38.58
2018/6/8,37.86
2018/6/11,38.01
2018/6/12,37.88
2018/6/13,38.11
2018/6/14,37.13
2018/6/15,37.41
2018/6/19,36.26
2018/6/20,36.81
2018/6/21,36.63
2018/6/22,36.48
2018/6/25,36.18
2018/6/26,36.06
2018/6/27,35.8
2018/6/28,35.67
2018/6/29,36.74
2018/7/2,36.37
2018/7/3,36.2
2018/7/4,36.49
2018/7/5,35.77
2018/7/6,36.04
2018/7/9,36.87
2018/7/10,37.16
2018/7/11,36.51
2018/7/12,37.41
2018/7/13,38
2018/7/16,37.78
2018/7/17,37.42
2018/7/18,37.84
2018/7/19,37.95
2018/7/20,38.69
2018/7/23,39.12
2018/7/24,39.35
2018/7/25,39.31
2018/7/26,39.62
2018/7/27,40.2
2018/7/30,40.02
2018/7/31,40.18
2018/8/1,40.65
2018/8/2,39.38
2018/8/3,40.1
2018/8/6,40.19
2018/8/7,40.04
2018/8/8,40.69
2018/8/9,40.51
2018/8/10,40.13
2018/8/13,38.62
2018/8/14,39.02
2018/8/15,38.33
2018/8/16,38.48
2018/8/17,38.25
2018/8/20,38.49
2018/8/21,39.08
2018/8/22,39.12
2018/8/23,39.5
2018/8/24,39.27
2018/8/27,39.89
2018/8/28,40.35
2018/8/29,41.14
2018/8/30,41.23
2018/8/31,40.86
2018/9/3,40.34
2018/9/4,40.86
2018/9/5,40.69
2018/9/6,40.28
2018/9/7,39.95
2018/9/10,39.44
2018/9/11,39.49
2018/9/12,39.42
2018/9/13,39.2
2018/9/14,40.59
2018/9/17,39.92
2018/9/18,39.56
2018/9/19,40.22
2018/9/20,40
2018/9/21,40.67
2018/9/25,40.83
2018/9/26,40.77
2018/9/27,40.97
2018/9/28,40.7
2018/10/1,41.11
2018/10/2,40.02
2018/10/3,40.01
2018/10/4,38.89
2018/10/5,37.77
2018/10/8,37.3
2018/10/9,37.4
2018/10/11,31.65
2018/10/12,33.78
2018/10/18,33.22
2018/10/19,33.34
2018/10/22,33.46
2018/10/23,32.14
2018/10/24,32
2018/10/25,30.34
2018/10/26,30.17
2018/12/22,31.02
2018/12/24,31.15
2018/12/25,30.18
2018/12/26,29.96
2018/12/27,31.1
2018/12/28,31.34
2019/1/2,30.47
2019/1/3,30.04
2019/1/4,29.37
2019/1/7,30.67
2019/1/8,30.59
2019/1/9,31.56
2019/1/10,31.39
2019/1/11,31.7
2019/1/14,31.31
2019/1/15,32.02
2019/1/16,31.89
2019/1/17,31.92
2019/1/18,32.28
2019/1/21,32.64
2019/1/22,32.47
2019/1/23,32.28
2019/1/24,32.53
2019/1/25,33.28
2019/1/28,33.49
2019/1/29,32.9
2019/1/30,32.9
2019/2/11,33.52
2019/2/12,33.96
2019/2/13,33.96
2019/2/14,33.87
2019/2/15,33.6
2019/2/18,34.3
2019/2/19,34.26
2019/2/20,34.97
2019/2/21,35.49
2019/2/22,35.33
2019/2/25,35.91
2019/2/26,35.88
2019/2/27,35.8
2019/3/4,35.44
2019/3/5,35.19
2019/3/6,35.42
2019/3/7,35.1
2019/3/8,34.65
2019/3/11,34.8
2019/3/12,35.7
2019/3/13,35.66
2019/3/14,35.57
2019/3/15,36.1
2019/3/18,36.5
2019/3/19,36.7
2019/3/20,36.75
2019/3/21,37.38
2019/3/22,37.52
2019/3/25,36.42
2019/3/26,36.93
2019/3/27,36.88
2019/3/28,36.73
2019/3/29,37.33
2019/4/1,37.82
2019/4/2,38.15
2019/4/3,38.14
2019/4/8,38.8
2019/4/9,39.25
2019/4/10,39.42
2019/4/11,39.01
2019/4/12,38.99
2019/4/15,39.7
2019/4/16,39.89
2019/4/17,40.48
2019/4/18,40.26
2019/4/19,40.36
2019/4/22,40.45
2019/4/23,40.72
2019/4/24,40.71
2019/4/25,40.94
2019/4/26,40.08
2019/4/29,40.24
2019/4/30,40.38
2019/5/2,40.54
2019/5/3,41.38
2019/5/6,39.75
2019/5/7,40.56
2019/5/8,40.1
2019/5/9,38.92
2019/5/10,38.81
2019/5/13,37.75
2019/5/14,37.44
2019/5/15,37.71
2019/5/16,37
2019/5/17,36.42
2019/5/20,36.45
2019/5/21,36.74
2019/5/22,36.7
2019/5/23,35.5
2019/5/24,35.61
2019/5/27,35.58
2019/5/28,35.55
2019/5/29,35.25
2019/5/30,35.79
2019/5/31,36.49
2019/6/3,36.61
2019/6/4,36.24
2019/6/5,36.45
2019/6/6,35.85
2019/6/10,37.1
2019/6/11,37.43
2019/6/12,37.45
2019/6/13,36.94
2019/6/14,36.96
2019/6/17,37.02
2019/6/18,36.97
2019/6/19,38.66
2019/6/20,38.81
2019/6/21,38.75
2019/6/24,39.06
2019/6/25,38.51
2019/6/26,38.24
2019/6/27,39.09
2019/6/28,38.75
2019/7/1,40.26
2019/7/2,40.1
2019/7/3,39.34
2019/7/4,39.65
2019/7/5,39.75
2019/7/8,39.32
2019/7/9,39.24
2019/7/10,39.93
2019/7/11,40.49
2019/7/12,40.43
2019/7/15,40.77
2019/7/16,40.94
2019/7/17,40.46
2019/7/18,40.41
2019/7/19,41.1
2019/7/22,41.49
2019/7/23,41.54
2019/7/24,41.56
2019/7/25,41.77
2019/7/26,41.4
2019/7/29,41.5
2019/7/30,41.29
2019/7/31,40.9
2019/8/1,40.35
2019/8/2,39.13
2019/8/5,38.4
2019/8/6,38.34
2019/8/7,38.08
2019/8/8,38.94
2019/8/12,38.93
2019/8/13,38.19
2019/8/14,38.7
2019/8/15,37.88
2019/8/16,38.6
2019/8/19,39.11
2019/8/20,39.3
2019/8/21,39.39
2019/8/22,39.24
2019/8/23,39.35
2019/8/26,38.12
2019/8/27,38.33
2019/8/28,38.79
2019/8/29,38.89
2019/8/30,39.96
2019/9/2,40.24
2019/9/3,39.72
2019/9/4,40.45
2019/9/5,41.13
2019/9/6,41.47
2019/9/9,41.65
2019/9/10,41.32
2019/9/11,41.48
2019/9/12,41.92
2019/9/16,42.24
2019/9/17,42.23
2019/9/18,42.71
2019/9/19,42.42
2019/9/20,42.68
2019/9/23,42.57
2019/9/24,42.69
2019/9/25,42.12
2019/9/26,42.15
2019/9/27,42.18
2019/10/1,43.51
2019/10/2,43.26
2019/10/3,42.62
2019/10/4,42.8
2019/10/7,43.07
2019/10/8,43.89
2019/10/9,43.12
2019/10/14,44.57
2019/10/15,44.85
2019/10/16,45.19
2019/10/17,45.41
2019/10/18,45.33
2019/10/21,45.37
2019/10/22,46.07
2019/10/23,45.8
2019/10/24,46.19
2019/10/25,46.23
2019/10/28,46.6
2019/10/29,46.72
2019/10/30,46.87
2019/10/31,47.08
2019/11/1,47.29
2019/11/4,49.06
2019/11/5,49.76
2019/11/6,50.05
2019/11/7,49.57
2019/11/8,49.37
2019/11/11,48.1
2019/11/12,48.78
2019/11/13,48.27
2019/11/14,48.29
2019/11/15,49
2019/11/18,49.55
2019/11/19,50.25
2019/11/20,49.75
2019/11/21,49.26
2019/11/22,49.27
2019/11/25,49.34
2019/11/26,49.75
2019/11/27,49.98
2019/11/28,49.78
2019/11/29,48.38
2019/12/2,48.7
2019/12/3,48.82
2019/12/4,48.61
2019/12/5,49.62
2019/12/6,49.72
2019/12/9,50.35
2019/12/10,49.83
2019/12/11,50.5
2019/12/12,52.3
2019/12/13,53.25
2019/12/16,53.2
2019/12/17,54.55
2019/12/18,54.65
2019/12/19,53.9
2019/12/20,53.55
2019/12/23,53.65
2019/12/24,53.65
2019/12/25,53.85
2019/12/26,53.7
2019/12/27,54.55
2019/12/30,54.2
2019/12/31,53.55
2020/1/2,54.4
2020/1/3,54.2
2020/1/6,53.15
2020/1/7,52.4
2020/1/8,51.9
2020/1/9,53.4
2020/1/10,53.7
2020/1/13,54.55
2020/1/14,55.15
2020/1/15,54.3
2020/1/16,54.15
2020/1/17,54.2
2020/1/20,54.6
2020/1/30,48.25
2020/1/31,48.87
2020/2/3,47.91
2020/2/4,49.38
2020/2/5,49.5
2020/2/6,51.1
2020/2/7,49.87
2020/2/10,49.75
2020/2/11,50.65
2020/2/12,51.45
2020/2/13,51.45
2020/2/14,51.85
2020/2/17,51.45
2020/2/18,50.15
2020/2/19,51.35
2020/2/20,50.9
2020/2/21,50.6
2020/2/24,49.21
2020/2/25,49.46
2020/2/26,48.54
2020/2/27,47.26
2020/3/2,46.38
2020/3/3,47.49
2020/3/4,47.8
2020/3/5,48.92
2020/3/6,47.14
2020/3/9,44.37
2020/3/10,44.72
2020/3/11,43.42
2020/3/12,39.43
2020/3/13,37.64
2020/3/16,34.63
2020/3/17,32.88
2020/3/18,30.66
2020/3/19,26.4
2020/3/20,30.45
2020/3/23,28.25
2020/3/24,31.4
2020/3/25,33.41
2020/3/26,34.3
2020/3/27,33.99
2020/3/30,33.7
2020/3/31,33.94
2020/4/1,33.97
2020/4/6,35.31
2020/4/7,36.64
2020/4/8,37.83
2020/4/9,37.43
2020/4/10,37.76
2020/4/13,37.27
2020/4/14,39.53
2020/4/15,39.87
2020/4/16,39.76
2020/4/17,41.55
2020/4/20,41.28
2020/4/21,38.8
2020/4/22,39.07
2020/4/23,39.66
2020/4/24,39.43
2020/4/27,41.57
2020/4/28,41.82
2020/4/29,42.96
2020/4/30,44.69
2020/5/4,42.18
2020/5/5,42.74
2020/5/6,42.82
2020/5/7,43.62
2020/5/8,44
2020/5/11,44.87
2020/5/12,43.79
2020/5/13,44.2
2020/5/14,42.85
2020/5/15,43.36
2020/5/18,42.89
2020/5/19,43.82
2020/5/20,44
2020/5/21,44.9
2020/5/22,43.02
2020/5/25,43.85
2020/5/26,45.04
2020/5/27,44.87
2020/5/28,44.31
2020/5/29,44.67
2020/6/1,45.56
2020/6/2,45.95
2020/6/3,47.51
2020/6/4,48.15
2020/6/5,49.05
2020/6/8,49.95
2020/6/9,50.25
2020/6/10,51.15
2020/6/11,49.2
2020/6/12,48.49
2020/6/15,47.23
2020/6/16,49.52
2020/6/17,49.6
2020/6/18,49.92
2020/6/19,50
2020/6/22,50.15
2020/6/23,50.5
2020/6/24,51.05
2020/6/29,49.71
2020/6/30,50.8
2020/7/1,51.5
2020/7/2,52.75
2020/7/3,53.9
2020/7/6,55.95
2020/7/7,55.95
2020/7/8,56.7
2020/7/9,57
2020/7/10,55.7
2020/7/13,57.5
2020/7/14,57.45
2020/7/15,57.9
2020/7/16,57.05
2020/7/17,57.75
2020/7/20,57.75
2020/7/21,60.3
2020/7/22,60.6
2020/7/23,60.4
2020/7/24,59.25
2020/7/27,63.1
2020/7/28,62.75
2020/7/29,62.4
2020/7/30,63.95
2020/7/31,63.95
2020/8/3,62.1
2020/8/4,64
2020/8/5,65.1
2020/8/6,66.25
2020/8/7,65.4
2020/8/10,66.55
2020/8/11,65.35
2020/8/12,63.95
2020/8/13,65.1
2020/8/14,65.55
2020/8/17,67.25
2020/8/18,66.4
2020/8/19,65.5
2020/8/20,60.7
2020/8/21,63.4
2020/8/24,63.8
2020/8/25,65.1
2020/8/26,65.65
2020/8/27,65.45
2020/8/28,64.5
2020/8/31,63.2
2020/9/1,64.6
2020/9/2,64.6
2020/9/3,65
2020/9/4,63.8
2020/9/7,63.45
2020/9/8,64.25
2020/9/9,63.65
2020/9/10,64.4
2020/9/11,64.4
2020/9/14,66.6
2020/9/15,66.55
2020/9/16,67.9
2020/9/17,66.5
2020/9/18,66.75
2020/9/21,65.4
2020/9/22,63.4
2020/9/23,63.75
2020/9/24,60.15
2020/9/25,60.5
2020/9/28,62.6
2020/9/29,62.65
2020/9/30,63.3
2020/10/5,63.7
2020/10/6,65.1
2020/10/7,65.8
2020/10/8,67.15
2020/10/12,67.65
2020/10/13,67.85
2020/10/14,67.3
2020/10/15,66.6
2020/10/16,65.65
2020/10/19,67.55
2020/10/20,66.9
2020/10/21,67.2
2020/10/22,67.45
2020/10/23,67.5
2020/10/26,67.7
2020/10/27,67.2
2020/10/28,66.15
2020/10/29,64.9
2020/10/30,63.5
2020/11/2,64
2020/11/3,65.9
2020/11/4,68.2
2020/11/5,68.1
2020/11/6,68.55
2020/11/9,70.6
2020/11/10,69.95
2020/11/11,72
2020/11/12,71.4
2020/11/13,72
2020/11/16,76.3
2020/11/17,76.1
2020/11/18,77.6
2020/11/19,77.55
2020/11/20,77.5
2020/11/23,79.35
2020/11/24,78.5
2020/11/25,77.15
2020/11/26,79
2020/11/27,79.25
2020/11/30,77.3
2020/12/1,79.2
2020/12/2,80.25
2020/12/3,80.35
2020/12/4,82.5
2020/12/7,83.25
2020/12/8,85.05
2020/12/9,85.6
2020/12/10,83.65
2020/12/11,83.65
2020/12/14,83.5
2020/12/15,81.25
2020/12/16,84.2
2020/12/17,84
2020/12/18,83.6
2020/12/21,85.4
2020/12/22,82.95
2020/12/23,83.8
2020/12/24,84.75
2020/12/25,85.3
2020/12/28,87.15
2020/12/29,87.05
2020/12/30,89.45
2020/12/31,90
2021/1/4,92.85
2021/1/5,93.45
2021/1/6,93.35
2021/1/7,97.45
2021/1/8,100.35
2021/1/11,101.35
2021/1/12,100.75
2021/1/13,104.95
2021/1/14,104
2021/1/15,103
2021/1/18,102.4
2021/1/19,107.3
2021/1/20,105.45
2021/1/21,111.15
2021/1/22,109.5
2021/1/25,108
2021/1/26,103.85
2021/1/27,104.5
2021/1/28,100.65
2021/1/29,97.1
2021/2/1,100.45
2021/2/2,105.3
2021/2/3,105.9
2021/2/4,104.4
2021/2/5,106.2
2021/2/17,114.4
2021/2/18,115.5
2021/2/19,113.95
2021/2/22,114.6
2021/2/23,115.35
2021/2/24,111.4
2021/2/25,114.25
2021/2/26,107.2
2021/3/2,107.25
2021/3/3,111.3
2021/3/4,107.5
2021/3/5,106.25
2021/3/8,105.95
2021/3/9,105.85
2021/3/10,106.5
2021/3/11,111
2021/3/12,111.5
2021/3/15,111.4
2021/3/16,112.5
2021/3/17,110.85
2021/3/18,112.5
2021/3/19,109.05
2021/3/22,110.85
2021/3/23,110.6
2021/3/24,108.45
2021/3/25,109.25
2021/3/26,112.65
2021/3/29,114.5
2021/3/30,116
2021/3/31,114.35
2021/4/1,116
2021/4/6,119
2021/4/7,119.5
2021/4/8,121.3
2021/4/9,120.35
2021/4/12,119.95
2021/4/13,119.65
2021/4/14,120.1
2021/4/15,123.05
2021/4/16,124.15
2021/4/19,125.6
2021/4/20,126.15
2021/4/21,124.5
2021/4/22,123.65
2021/4/23,126.1
2021/4/26,130.15
2021/4/27,130.6
2021/4/28,130
2021/4/29,130.45
2021/5/3,125.5
2021/5/4,121.55
2021/5/5,119.35
2021/5/6,121.7
2021/5/7,126.45
2021/5/10,125.3
2021/5/11,115.3
2021/5/12,105.1
2021/5/13,102.6
2021/5/14,105.2
2021/5/17,99.1
2021/5/18,110.15
2021/5/19,109.45
2021/5/20,108
2021/5/21,111.7
2021/5/24,112.5
2021/5/25,116.45
2021/5/26,116.4
2021/5/27,115.7
2021/5/28,120
2021/5/31,122
2021/6/1,123.65
2021/6/2,123
2021/6/3,124.9
2021/6/4,123.45
2021/6/7,123.25
2021/6/8,122.3
2021/6/9,120.85
2021/6/10,124.15
2021/6/11,124.8
2021/6/15,127.15
2021/6/16,126.65
2021/6/17,127.2
2021/6/18,126.75
2021/6/21,122.05
2021/6/22,122.75
2021/6/23,126.95
2021/6/24,127.75
2021/6/25,128.65
2021/6/28,130.3
2021/6/29,130.1
2021/6/30,133.05
2021/7/1,131.65
2021/7/2,132
2021/7/5,135.9
2021/7/6,135.65
2021/7/7,133.85
2021/7/8,134.5
2021/7/9,131.5
2021/7/12,134.7
2021/7/13,134.85
2021/7/14,134.85
2021/7/15,137.85
2021/7/16,135.6
2021/7/19,133.6
2021/7/20,129.6
2021/7/21,128.75
2021/7/22,131.1
2021/7/23,131.2
2021/7/26,128.5
2021/7/27,127.9
2021/7/28,124.25
2021/7/29,129.8
2021/7/30,127.3
2021/8/2,131.65
2021/8/3,132.3
2021/8/4,133.75
2021/8/5,133
2021/8/6,131.9
2021/8/9,130.95
2021/8/10,129.2
2021/8/11,127.75
2021/8/12,127.5
2021/8/13,124.5
2021/8/16,122.8
2021/8/17,120
2021/8/18,122.75
2021/8/19,116
2021/8/20,115.5
2021/8/23,122.05
2021/8/24,123.25
2021/8/25,125.85
2021/8/26,126.35
2021/8/27,129.4
2021/8/30,131.8
2021/8/31,133.1
2021/9/1,133.7
2021/9/2,131.05
2021/9/3,134.9
2021/9/6,134.15
2021/9/7,133.25
2021/9/8,130.4
2021/9/9,130.65
2021/9/10,134.05
2021/9/13,133.2
2021/9/14,133.8
2021/9/15,132.45
2021/9/16,131
2021/9/17,132.35
2021/9/22,125.7
2021/9/23,128.3
2021/9/24,130.65
2021/9/27,131.3
2021/9/28,129.55
2021/9/29,124.05
2021/9/30,125.8
2021/10/1,119.6
2021/10/4,118.15
2021/10/5,118.2
2021/10/6,117.85
2021/10/7,122.95
2021/10/8,121.5
2021/10/12,118.55
2021/10/13,117.45
2021/10/14,118.35
2021/10/15,123.9
2021/10/18,122.95
2021/10/19,125.65
2021/10/20,125.5
2021/10/21,124.8
2021/10/22,125.3
2021/10/25,125.3
2021/10/26,127.55
2021/10/27,128.05
2021/10/28,127.4
2021/10/29,125.95
2021/11/1,127.9
2021/11/2,126.95
2021/11/3,128.05
2021/11/4,128
2021/11/5,130.75
2021/11/8,132.7
2021/11/9,135.2
2021/11/10,135
2021/11/11,133.35
2021/11/12,134.4
2021/11/15,136.65
2021/11/16,136.75
2021/11/17,137.85
2021/11/18,139.85
2021/11/19,139.6
2021/11/22,139.55
2021/11/23,136.65
2021/11/24,136.35
2021/11/25,136.35
2021/11/26,131.35
2021/11/29,131.1
2021/11/30,131.7
2021/12/1,135.4
2021/12/2,137.25
2021/12/3,137.6
2021/12/6,137
2021/12/7,138.15
2021/12/8,139.8
2021/12/9,139.85
2021/12/10,139.25
2021/12/13,138.5
2021/12/14,135.3
2021/12/15,135.8
2021/12/16,139.15
2021/12/17,138.8
2021/12/20,136.4
2021/12/21,139.45
2021/12/22,139.7
2021/12/23,141.25
2021/12/24,141.7
2021/12/27,143.6
2021/12/28,145.65
2021/12/29,146.75
2021/12/30,146
2022/1/3,146.55
2022/1/4,151.2
2022/1/5,150.4
2022/1/6,148.25
2022/1/7,145.25
2022/1/10,146.75
2022/1/11,146.95
2022/1/12,148.9
2022/1/13,150.15
2022/1/14,149.35
2022/1/17,151.95
2022/1/18,149.6
2022/1/19,146.35
2022/1/20,147.5
2022/1/21,141.45
2022/1/24,143.1
2022/1/25,138.15
2022/1/26,137.85
2022/2/7,141.5
2022/2/8,142.9
2022/2/9,145.6
2022/2/10,148.1
2022/2/11,147.55
2022/2/14,143.1
2022/2/15,142.05
2022/2/16,147
2022/2/17,147.35
2022/2/18,147.3
2022/2/21,146.95
2022/2/22,141.85
2022/2/23,143.75
2022/2/24,136.05
2022/2/25,136.45
2022/3/1,141.35
2022/3/2,140.45
2022/3/3,140.95
2022/3/4,137.95
2022/3/7,128.65
2022/3/8,123
2022/3/9,126.35
2022/3/10,133.1
2022/3/11,129.8
2022/3/14,130.15
2022/3/15,124.85
2022/3/16,125.9
2022/3/17,133.85
2022/3/18,132.85
2022/3/21,134.55
2022/3/22,135.05
2022/3/23,137.7
2022/3/24,137.4
2022/3/25,136.8
2022/3/28,134.3
2022/3/29,135.05
2022/3/30,137.95
2022/3/31,136.95
2022/4/1,135.3
2022/4/6,134.2
2022/4/7,129
2022/4/8,130.95
2022/4/11,126.5
2022/4/12,126.9
2022/4/13,131.15
2022/4/14,130.85
2022/4/15,126.3
2022/4/18,124.8
2022/4/19,126.7
2022/4/20,128
2022/4/21,128.85
2022/4/22,126.6
2022/4/25,120.45
2022/4/26,120.6
2022/4/27,116.35
2022/4/28,118
2022/4/29,120.5
2022/5/3,119.1
2022/5/4,119.65
2022/5/5,122
2022/5/6,117.3
2022/5/9,112.35
2022/5/10,112.55
2022/5/11,112.15
2022/5/12,106.85
2022/5/13,109.65
2022/5/16,110.65
2022/5/17,113
2022/5/18,115.3
2022/5/19,111.7
2022/5/20,113.95
2022/5/23,114.2
2022/5/24,111.3
2022/5/25,113.6
2022/5/26,111.3
2022/5/27,115.35
2022/5/30,120.5
2022/5/31,121.95
2022/6/1,121.2
2022/6/2,119.65
2022/6/6,120.8
2022/6/7,118.7
2022/6/8,121.25
2022/6/9,120.75
2022/6/10,118.75
2022/6/13,112.45
2022/6/14,112.2
2022/6/15,111.2
2022/6/16,109.45
2022/6/17,107.1
2022/6/20,103.6
2022/6/21,108.85
2022/6/22,103.9
2022/6/23,102.15
2022/6/24,104
2022/6/27,107.95
2022/6/28,106
2022/6/29,104.05
2022/6/30,98.35
2022/7/1,92.35
2022/7/4,91.5
2022/7/5,92.8
2022/7/6,88.45
2022/7/7,93.05
2022/7/8,94.8
2022/7/11,93.35
2022/7/12,88.5
2022/7/13,93.8
2022/7/14,95.25
2022/7/15,96.8
2022/7/18,98.3
2022/7/19,98.85
2022/7/20,100
2022/7/21,102.1
2022/7/22,102.3
2022/7/25,102.6
2022/7/26,101
2022/7/27,102.45
2022/7/28,102.65
2022/7/29,104.2
2022/8/1,103.95
2022/8/2,100.35
2022/8/3,101
2022/8/4,100.75
2022/8/5,106
2022/8/8,105.45
2022/8/9,105.75
2022/8/10,104
2022/8/11,107.8
2022/8/12,109.45
2022/8/15,111.15
2022/8/16,111.25
2022/8/17,111.4
2022/8/18,110.4
2022/8/19,110.8
2022/8/22,108.25
2022/8/23,106.2
2022/8/24,105.65
2022/8/25,107.8
2022/8/26,108.8
2022/8/29,103.1
2022/8/30,104.25
2022/8/31,105.65
2022/9/1,101
2022/9/2,99.4
2022/9/5,99.55
2022/9/6,99.9
2022/9/7,95.9
2022/9/8,98.1
2022/9/12,101.9
2022/9/13,102.85
2022/9/14,99
2022/9/15,99.65
2022/9/16,97.45
2022/9/19,96.5
2022/9/20,98.2
2022/9/21,96.7
2022/9/22,94.2
2022/9/23,92.7
2022/9/26,88.15
2022/9/27,88.7
2022/9/28,84.65
2022/9/29,85.05
2022/9/30,83.2
2022/10/3,81.5
2022/10/4,85.55
2022/10/5,88.3
2022/10/6,89.15
2022/10/7,86.85
2022/10/11,78.85
2022/10/12,78.6
2022/10/13,75.6
2022/10/14,79.95
2022/10/17,79.35
2022/10/18,79.15
2022/10/19,77.8
2022/10/20,76.7
2022/10/21,75.6
2022/10/24,76.25
2022/10/25,74
2022/10/26,74.8
2022/10/27,76.95
2022/10/28,74.9
2022/10/31,76.95
2022/11/1,78.2
2022/11/2,78.8
2022/11/3,77.35
2022/11/4,77.95
2022/11/7,80.3
2022/11/8,81.45
2022/11/9,85.2
2022/11/10,83.6
2022/11/11,90.65
2022/11/14,92.2
2022/11/15,97.75
2022/11/16,97.8
2022/11/17,98.15
2022/11/18,97.2
2022/11/21,96.75
2022/11/22,97.85
2022/11/23,99.3
2022/11/24,101.55
2022/11/25,100.8
2022/11/28,97.85
2022/11/29,99.95
2022/11/30,102.1
2022/12/1,104.35
2022/12/2,103.05
2022/12/5,103.55
2022/12/6,100.1
2022/12/7,99.1
2022/12/8,97.5
2022/12/9,100
2022/12/12,98.4
2022/12/13,97.65
2022/12/14,100.3
2022/12/15,100.4
2022/12/16,96.95
2022/12/19,96.05
2022/12/20,92.5
2022/12/21,93.2
2022/12/22,96.4
2022/12/23,93.7
2022/12/26,94.35
2022/12/27,95.05
2022/12/28,92.4
2022/12/29,91.7
2022/12/30,92.8
2023/1/3,94.05
2023/1/4,93.8
2023/1/5,94.5
2023/1/6,95.9
2023/1/9,101.2
2023/1/10,102.3
2023/1/11,101.7
2023/1/12,101.15
2023/1/13,102.6
2023/1/16,104
2023/1/17,104
2023/1/30,111.55
2023/1/31,109.3
2023/2/1,110.55
2023/2/2,113.6
2023/2/3,113.55
2023/2/6,110.7
2023/2/7,110.7
2023/2/8,113.65
2023/2/9,113.5
2023/2/10,113.15
2023/2/13,112.7
2023/2/14,114.5
2023/2/15,110.2
2023/2/16,112.95
2023/2/17,111.05
2023/2/20,112
2023/2/21,112.05
2023/2/22,109.8
2023/2/23,113.1
2023/2/24,111.85
2023/3/1,112.5
2023/3/2,112.4
2023/3/3,112.9
2023/3/6,115.45
2023/3/7,117
2023/3/8,115.65
2023/3/9,115
2023/3/10,111
2023/3/13,111.85
2023/3/14,109.25
2023/3/15,109.8
2023/3/16,107.9
2023/3/17,111
2023/3/20,110.15
2023/3/21,111.5
2023/3/22,115.35
2023/3/23,117
2023/3/24,118.3
2023/3/27,116.9
2023/3/28,114.5
2023/3/29,115.45
2023/3/30,116.8
2023/3/31,117.5
2023/4/6,116
2023/4/7,116.6
2023/4/10,117.35
2023/4/11,117.9
2023/4/12,117.9
2023/4/13,116.25
2023/4/14,118.45
2023/4/17,118
2023/4/18,117.15
2023/4/19,116.1
2023/4/20,115
2023/4/21,113.7
2023/4/24,113.8
2023/4/25,110.2
2023/4/26,110.1
2023/4/27,110.3
2023/4/28,112.85
2023/5/2,113.75
2023/5/3,112.65
2023/5/4,113.35
2023/5/5,113.7
2023/5/8,114.85
2023/5/9,115.25
2023/5/10,113.3
2023/5/11,112.15
2023/5/12,112.15
2023/5/15,111.85
2023/5/16,114.7
2023/5/17,118.2
2023/5/18,120.95
2023/5/19,122
2023/5/22,121.8
2023/5/23,122.1
2023/5/24,121.15
2023/5/25,123.25
2023/5/26,127
2023/5/29,129.1
2023/5/30,129.2
2023/5/31,128.25
2023/6/1,127.45
2023/6/2,130.8
2023/6/5,130.35
2023/6/6,131.1
2023/6/7,133.8
2023/6/8,130.8
2023/6/9,133.3
2023/6/12,134.75
2023/6/13,139.35
2023/6/14,139.2
2023/6/15,140.85
2023/6/16,139.85
2023/6/19,139.45
2023/6/20,138.45
2023/6/21,138.4
2023/6/26,136.2
2023/6/27,133.95
2023/6/28,134.3
2023/6/29,134.45
2023/6/30,135.25
2023/7/3,138.75
2023/7/4,139.9
2023/7/5,138.3
2023/7/6,133.35
2023/7/7,132.1
2023/7/10,131.6
2023/7/11,135.65
2023/7/12,136.4
2023/7/13,139.25
2023/7/14,142.4
2023/7/17,142.4
2023/7/18,141.3
2023/7/19,139.6
2023/7/20,140.35
2023/7/21,137.7
2023/7/24,138.15
2023/7/25,141.35
2023/7/26,140.3
2023/7/27,142.4
2023/7/28,142.5
2023/7/31,139.85
2023/8/1,141.5
2023/8/2,135.95
2023/8/4,135.75
2023/8/7,138.8
2023/8/8,135.95
2023/8/9,135.9
2023/8/10,132.65
2023/8/11,132.55
2023/8/14,128.15
2023/8/15,129.5
2023/8/16,128.85
2023/8/17,130.45
2023/8/18,128.15
2023/8/21,128
2023/8/22,129.1
2023/8/23,131.45
2023/8/24,134.7
2023/8/25,129.35
2023/8/28,130.4
2023/8/29,132.5
2023/8/30,133.95
2023/8/31,132.35
2023/9/1,133.05
2023/9/4,134.45
2023/9/5,134.55
2023/9/6,133.8
2023/9/7,131.45
2023/9/8,131.05
2023/9/11,128.9
2023/9/12,131.3
2023/9/13,131.7
2023/9/14,135.7
2023/9/15,136.75
2023/9/18,133.65
2023/9/19,132.2
2023/9/20,131
2023/9/21,126.9
2023/9/22,127.45
2023/9/25,129.45
2023/9/26,126.45
2023/9/27,126.9
2023/9/28,127.8
2023/10/2,131.05
2023/10/3,128.95
2023/10/4,126.1
2023/10/5,129.5
2023/10/6,130.35
2023/10/11,133.2
2023/10/12,135.3
2023/10/13,134.25
2023/10/16,132.3
2023/10/17,132.15
2023/10/18,129.4
2023/10/19,129.2
2023/10/20,128.7
2023/10/23,126
2023/10/24,127.25
2023/10/25,127.95
2023/10/26,122.75
2023/10/27,124.1
2023/10/30,124
2023/10/31,121.8
2023/11/1,122.9
2023/11/2,127.85
2023/11/3,129.6
2023/11/6,132.25
2023/11/7,132.3
2023/11/8,133.5
2023/11/9,133.65
2023/11/10,132.4
2023/11/13,135.4
2023/11/14,136.65
2023/11/15,139.8
2023/11/16,139.95
2023/11/17,140.7
2023/11/20,140.45
2023/11/21,143.9
2023/11/22,141.85
2023/11/23,141.75
2023/11/24,141.95
2023/11/27,139.4
2023/11/28,142.85
2023/11/29,142.65
2023/11/30,143.5
2023/12/1,143.8
2023/12/4,143.7
2023/12/5,141.75
2023/12/6,143
2023/12/7,141.3
2023/12/8,143.05
2023/12/11,143.55
2023/12/12,144.25
2023/12/13,144.3
2023/12/14,147.7
2023/12/15,148.35
2023/12/18,147.85
2023/12/19,146.3
2023/12/20,148.15
2023/12/21,145.7
2023/12/22,146.2
2023/12/25,147.15
2023/12/26,149.1
2023/12/27,151.4
2023/12/28,151.15
2023/12/29,151.2
2024/1/2,149.95
2024/1/3,145.9
2024/1/4,145.7
2024/1/5,145.15
2024/1/8,146.35
2024/1/9,146.2
2024/1/10,144.45
2024/1/11,146.3
2024/1/12,145.25
2024/1/15,146.35
2024/1/16,143
2024/1/17,140.6
2024/1/18,141.15
2024/1/19,148.05
2024/1/22,150.2
2024/1/23,151.2
2024/1/24,151.4
2024/1/25,153.5
2024/1/26,153.1
2024/1/29,155.7
2024/1/30,155.15
2024/1/31,152
2024/2/1,152.65
2024/2/2,154.9
2024/2/5,155.05
2024/2/15,165.2
2024/2/16,164.8
2024/2/19,165
2024/2/20,166.15
2024/2/21,165.2
2024/2/22,168.9
2024/2/23,169.45
2024/2/26,170.5
2024/2/27,168.85
2024/2/29,170.15
2024/3/1,169.85
2024/3/4,176.35
2024/3/5,178.1
2024/3/6,180.1
2024/3/7,184.2
2024/3/8,186.1
2024/3/11,184.8
2024/3/12,188.8
2024/3/13,188.65
2024/3/14,188.4
2024/3/15,185.35
2024/3/18,188.1
2024/3/19,187.55
2024/3/20,186.05
2024/3/21,194.1
2024/3/22,193.6
2024/3/25,194.15
2024/3/26,193
2024/3/27,194.35
2024/3/28,193.45
2024/3/29,194.7
2024/4/1,194.55
2024/4/2,199.2
2024/4/3,196.55
2024/4/8,198.3
2024/4/9,206.3
2024/4/10,205.65
2024/4/11,203.8
2024/4/12,204.05
2024/4/15,199.15
2024/4/16,187.5
2024/4/17,192.1
2024/4/18,194.35
2024/4/19,179
2024/4/22,178.45
2024/4/23,181.7
2024/4/24,190.95
2024/4/25,185
2024/4/26,190.6
2024/4/29,197.5
2024/4/30,196.35
2024/5/2,193.1
2024/5/3,194
2024/5/6,198.85
2024/5/7,200.05
2024/5/8,201.2
2024/5/9,199.55
2024/5/10,202.65
2024/5/13,204.3
2024/5/14,207.05
2024/5/15,211.4
2024/5/16,214.15
2024/5/17,213.35
2024/5/20,213.25
2024/5/21,212.45
2024/5/22,218.7
2024/5/23,219.55
2024/5/24,218.95
2024/5/27,224.55
2024/5/28,226.5
2024/5/29,221.95
2024/5/30,214.3
2024/5/31,212.1
2024/6/3,219.55
2024/6/4,213.4
2024/6/5,215.5
2024/6/6,224.45
2024/6/7,223.7
2024/6/11,223.05
2024/6/12,228.1
2024/6/13,234.2
2024/6/14,237.1
2024/6/17,237.1
2024/6/18,244.15
2024/6/19,253.95
2024/6/20,259.15
2024/6/21,256.05
2024/6/24,245
2024/6/25,245.45
2024/6/26,248.3
2024/6/27,246.75
2024/6/28,250.8
2024/7/1,250.8
2024/7/2,247.1
2024/7/3,253.9
2024/7/4,264.7
2024/7/5,263.2
2024/7/8,271.7
2024/7/9,270.85
2024/7/10,273
2024/7/11,281.9
2024/7/12,269.5
2024/7/15,269.5
2024/7/16,272
2024/7/17,268.3
2024/7/18,259.15
2024/7/19,248.25
2024/7/22,236.75
2024/7/23,247.4
2024/7/26,231.65
2024/7/29,233.5
2024/7/30,234.1
2024/7/31,233.95
2024/8/1,242
2024/8/2,219
2024/8/5,176.9
2024/8/6,194
2024/8/7,209.3
2024/8/8,200.35
2024/8/9,211.7
2024/8/12,217
2024/8/13,218.4
2024/8/14,223.15
2024/8/15,221.2
2024/8/16,230.9
2024/8/19,230.8
2024/8/20,231.5
2024/8/21,228.45
2024/8/22,225.5
2024/8/23,226.65
2024/8/26,227.5
2024/8/27,227.3
2024/8/28,231.7
2024/8/29,227.45
2024/8/30,229.9
2024/9/2,228
2024/9/3,225.25
2024/9/4,203.55
2024/9/5,205.65
2024/9/6,210.65
2024/9/9,205.05
2024/9/10,204.15
2024/9/11,202.7
2024/9/12,216.75
2024/9/13,218.7
2024/9/16,219.6
2024/9/18,216.05
2024/9/19,223.35
2024/9/20,226.05
2024/9/23,229.2
2024/9/24,232.25
2024/9/25,239.2
2024/9/26,241.8
2024/9/27,241.5
2024/9/30,228.95
2024/10/1,230
2024/10/4,228.1
2024/10/7,238.2
2024/10/8,233.9
2024/10/9,236
2024/10/11,241.55
2024/10/14,243.05
2024/10/15,249.4
2024/10/16,243.5
2024/10/17,245.1
2024/10/18,253.9
2024/10/21,254.2
2024/10/22,253.5
2024/10/23,249.7
2024/10/24,246.9
2024/10/25,250.5
2024/10/28,248.35
2024/10/29,240
2024/10/30,239.05
2024/11/1,236.65
2024/11/4,241.95
2024/11/5,243
2024/11/6,246.75
2024/11/7,251.65
2024/11/8,254.15
2024/11/11,253.65
2024/11/12,239.7
2024/11/13,238.5
2024/11/14,234.1
2024/11/15,238
2024/11/18,232.1
2024/11/19,238.4
2024/11/20,236.2
2024/11/21,232.5
2024/11/22,240.4
2024/11/25,241
2024/11/26,233.65
2024/11/27,226.9
2024/11/28,225.55
2024/11/29,227.25
2024/12/2,235.55
2024/12/3,241.15
2024/12/4,245
2024/12/5,245.35
2024/12/6,244.35
2024/12/9,244.2
2024/12/10,241.45
2024/12/11,237.25
2024/12/12,241.4
2024/12/13,240.35
2024/12/16,239
2024/12/17,241.75
2024/12/18,241.75
2024/12/19,236.2
2024/12/20,231.75
2024/12/23,242.9
2024/12/24,243.05
2024/12/25,245.4
2024/12/26,244.8
2024/12/27,246.05
2024/12/30,242.2
2024/12/31,240.35
2025/1/2,234.45
2025/1/3,238.1
2025/1/6,251.15
2025/1/7,254.05
2025/1/8,248.4
2025/1/9,241.5
2025/1/10,240.3
2025/1/13,229
2025/1/14,232.55
2025/1/15,228.6
2025/1/16,237.85
2025/1/17,239.35
2025/1/20,244.15
2025/1/21,244.65
2025/1/22,250.9
2025/2/3,229.5
2025/2/4,230.65
2025/2/5,239.65
2025/2/6,240.9
2025/2/7,244.9
2025/2/10,240.8
2025/2/11,242.75
2025/2/12,242.2
2025/2/13,243.95
2025/2/14,239
2025/2/17,246.35
2025/2/18,248.55
2025/2/19,247.5
2025/2/20,245.9
2025/2/21,250.45
2025/2/24,246.95
2025/2/25,241
2025/2/26,243.15
2025/2/27,238.45
2025/3/3,229.45
2025/3/4,226.95
2025/3/5,232.6
2025/3/6,229.65
2025/3/7,225.4
2025/3/10,223.75
2025/3/11,215.5
2025/3/12,217.85
2025/3/13,213.95
2025/3/14,213.8
2025/3/17,217.3
2025/3/18,219.05
2025/3/19,214.9
2025/3/20,222.2
2025/3/21,218.2
2025/3/24,216.85
2025/3/25,220.25
2025/3/26,220.7
2025/3/27,213.3
2025/3/28,206.1
2025/3/31,191
2025/4/1,199.05
2025/4/2,200.3
2025/4/7,160.25
2025/4/8,142.3
2025/4/9,126.45
2025/4/10,151.7
2025/4/11,160.1
2025/4/14,159.75
2025/4/15,165
2025/4/16,158.1
2025/4/17,157.3
2025/4/18,157.9
2025/4/21,152.65
2025/4/22,148.7
2025/4/23,161.1
2025/4/24,158.6
2025/4/25,165.6
2025/4/28,167.85
2025/4/29,170.95
2025/4/30,170.3
2025/5/2,179.85
2025/5/5,175.15
2025/5/6,174.75
2025/5/7,174.25
2025/5/8,178.35
2025/5/9,182.45
2025/5/12,186.4
2025/5/13,190.75
2025/5/14,198.7
2025/5/15,197.55
2025/5/16,200.15
2025/5/19,194.1
2025/5/20,194.6
2025/5/21,199.5
2025/5/22,195.4
2025/5/23,194.75
2025/5/26,193.6
2025/5/27,190.1
2025/5/28,190.85
2025/5/29,191.95
2025/6/2,183.7
2025/6/3,186.15
2025/6/4,195.7
2025/6/5,196
2025/6/6,196.7
2025/6/9,199.1
2025/6/10,206.8
2025/6/11,210.6
2025/6/12,209
2025/6/13,204.15
2025/6/16,205.25
2025/6/17,206.5
2025/6/18,209.5
2025/6/19,205.1
2025/6/20,203.9
2025/6/23,200.5
2025/6/24,209.3
2025/6/25,213.75
2025/6/26,212.7
2025/6/27,212.2
2025/6/30,213.5
2025/7/1,217.55
2025/7/2,217.9
2025/7/3,223.95
2025/7/4,219.2
2025/7/7,216.35
2025/7/8,214.85
2025/7/9,218.9
2025/7/10,221.65
2025/7/11,224.8
2025/7/14,220.75
2025/7/15,226.7
2025/7/16,230.65
2025/7/17,234.25
2025/7/18,238.85
2025/7/21,237.4
2025/7/22,232.95
2025/7/23,236.85
2025/7/24,239.65
2025/7/25,238.2
2025/7/28,240.6
2025/7/29,235.6
2025/7/30,240.1
2025/7/31,245.2
2025/8/1,240.9
2025/8/4,238.85
2025/8/5,244.65
2025/8/6,241.1
2025/8/7,253.2
2025/8/8,252.7
2025/8/11,256.75
2025/8/12,257.3
2025/8/13,260.25
2025/8/14,259.3
2025/8/15,259.95
2025/8/18,262.85
2025/8/19,260.3
2025/8/20,246.65
2025/8/21,251.1
2025/8/22,248.9
2025/8/25,259.1
2025/8/26,258.95
2025/8/27,263.9
2025/8/28,259.4
2025/8/29,259.35
2025/9/1,252.8
2025/9/2,252.8
2025/9/3,253.35
2025/9/4,256.45
2025/9/5,262.05
2025/9/8,265.65
2025/9/9,270.5
2025/9/10,279.6
2025/9/11,279.75
2025/9/12,284.8
2025/9/15,282.75
2025/9/16,288.85
2025/9/17,285.1
2025/9/18,290.75
2025/9/19,290.85
2025/9/22,294.9
2025/9/23,302.45
2025/9/24,302.8
2025/9/25,300.25
2025/9/26,289.65
2025/9/30,296.8
2025/10/1,298.2
2025/10/2,306.7
2025/10/3,314
2025/10/7,327.8
2025/10/8,322.85
2025/10/9,327.8
2025/10/13,318.55
2025/10/14,315.65
2025/10/15,325.9
2025/10/16,337.7
2025/10/17,328.05
2025/10/20,337.6
2025/10/21,338.95
2025/10/22,336.9
2025/10/23,332.4
2025/10/27,347.75
2025/10/28,343.05
2025/10/29,352.5
2025/10/30,352.35
2025/10/31,355.1
2025/11/3,350.15
2025/11/4,346.1
2025/11/5,338.3
2025/11/6,344.75
2025/11/7,335.4
2025/11/10,343
2025/11/11,337.95
2025/11/12,343.7
2025/11/13,341.8
2025/11/14,327.9
2025/11/17,329.9
2025/11/18,314.9
2025/11/19,310.85
2025/11/20,329.75
2025/11/21,307.15
2025/11/24,308.1
2025/11/25,315.05
2025/11/26,325.5
2025/11/27,331.75
2025/11/28,336.6
2025/12/1,327.45
2025/12/2,330.35
2025/12/3,335.4
2025/12/4,335.9
2025/12/5,340.65
2025/12/8,347.9
2025/12/9,346.5
2025/12/10,350.85
2025/12/11,343
2025/12/12,347.85
2025/12/15,339.55
2025/12/16,332.55
2025/12/17,330.8
2025/12/18,328.9
2025/12/19,336.4
2025/12/22,346.6
2025/12/23,348.1
2025/12/24,348.9
2025/12/26,354.75
2025/12/29,361.15
2025/12/30,360.35
2025/12/31,362.9